konsert_datum,konsert_namn,lokal_namn,konsert_biljettpris,konserttyp_namn,Producer,normalized_konsert_datum
1908-01-02,brüssel kvartetten beethovenafton,kungliga musikaliska akademiens lokal,,kammarmusikkonsert,brüssel stråkkvartetten brussels string quartet,1908 01 02
1908-01-05,afskedskonsert,immanuelskyrkan,,kyrkokonsert,bohlin carl. director,1908 01 05
1908-01-05,folk konsert,arbetare institutet klara norra kyrkogata 8,,folkkonsert,,1908 01 05
1908-01-05,populärkonsert,vetenskapsakademiens hörsal,,populärkonsert,hansson axel,1908 01 05
1908-01-06,2:a populära symfoni matinéen,berns salong,1kr till salongen 1:50kr till läktaren,konsert,berns,1908 01 06
1908-01-06,jul fest med bal,grand restaurant nationals stora salong,1:25kr herre 1kr da 50öre barn,bal,lj. b.,1908 01 06
1908-01-06,populär soaré,vetenskapsakademiens hörsal,1kr reserverad plats 75öre övriga platser,populärkonsert,dahlberg erik,1908 01 06
1908-01-08,karlfeldts afton,kfum:s stora sal,1kr numrerade 50öre onumrerade,folkkonsert,stockholms borgareskola stockholm citizens' school,1908 01 08
1908-01-08,vis och sagoafton för stora och små ändradd dag från 8e till 9e,kfum:s stora sal,1:25kr numrerade 75öre onumrerade,barnkonsert,sjögren ebba mrs,1908 01 08
1908-01-12,folk konsert,arbetare institutet klara norra kyrkogata 8,,folkkonsert,arbetareinstitutet workers' institute,1908 01 12
1908-01-12,populärkonsert,vetenskapsakademiens hörsal,,populärkonsert,,1908 01 12
1908-01-14,populär sångafton,kfum:s stora sal,1kr numrerade 50öre onumrerade,viskonsert,lundberg anna,1908 01 14
1908-01-15,svensk musikafton: geijer lindblad afton,kfum:s stora sal,1:50kr 1kr 50öre,konsert,borgarskolans serier borgarskolan series,1908 01 15
1908-01-16,familjeafton med särskilt utvalt musikprogram,berns salong,fri entré,barnkonsert,berns,1908 01 16
1908-01-17,konsert,vetenskapsakademiens hörsal,2:50kr 2kr 1:50kr,konsert,petzold hanka mrs,1908 01 17
1908-01-17,populär sångafton,kfum:s stora sal,1kr numrerade 50öre onumrerade,populärkonsert,lundberg anna,1908 01 17
1908-01-18,lördagskonsert,vetenskapsakademiens hörsal,75öre till salen 50öre till läktaren,konsert,lördagskonsertserien,1908 01 18
1908-01-19,rytmiska koraler,skansen,50öre hälften barn,utomhuskonsert,skansen skansen (open air museum and historical park),1908 01 19
1908-01-19,typografiska föreningen kyrkokonsert,gustav vasa kyrkan,1kr,kyrkokonsert,typografiska föreningen typographical association,1908 01 19
1908-01-22,wennerberg afton,kfum:s stora sal,1:50kr 1kr samt onumrerade 50öre,konsert,borgarskolans serier borgarskolan series,1908 01 22
1908-01-22,wennerberg afton,kfum:s stora sal,1:50kr 1kr samt onumrerade 50öre,folkkonsert,stockholms borgareskola stockholm citizens' school,1908 01 22
1908-01-23,familjeafton med särskilt utvalt musikprogram,berns salong,fri entré,barnkonsert,berns,1908 01 23
1908-01-23,samfundet för unison sång sångfest med föredrag,skansen,1kr,körkonsert,samfundet för unison sång society for unison singing,1908 01 23
1908-01-24,beethovenafton uppskjuten från den 13e till den 24e,kungliga musikaliska akademiens lokal,,solokonsert,stenhammar wilhelm,1908 01 24
1908-01-24,dramatisk musikalisk soaré med bal,grand restaurant nationals stora salong,1:50kr,dramatisk/musikalisk föreställning,svenska musik sällskapet swedish music society,1908 01 24
1908-01-24,populär sångafton 3e,kfum:s stora sal,1kr numrerade 50öre onumrerade,populärkonsert,lundberg anna,1908 01 24
1908-01-25,k.f.u.m norr månadssamkväm i form av musikafton,kfum:s stora sal,25öre 75öre inkl supé,konsert,k.f.u.m norr ymca north,1908 01 25
1908-01-25,lördagskonsert,vetenskapsakademiens hörsal,75öre 50öre,folkkonsert,lördagskonsertserien,1908 01 25
1908-01-25,populär säsongskonsert,kfum:s stora sal,1kr 75öre onumrerade 50öre,folkkonsert,gellin eduard,1908 01 25
1908-01-26,folkkonsert,arbetareföreningens stora sal,,folkkonsert,arbetareinstitutet workers' institute,1908 01 26
1908-01-26,kyrkokonsert,gustav vasa kyrkan,,kyrkokonsert,,1908 01 26
1908-01-26,svensk folkvise afton,kungliga musikaliska akademiens lokal,1kr och 1:50kr numrerade 50 öre onumrerade,konsert,borgarskolans serier borgarskolan series,1908 01 26
1908-01-27,aljoacha schkolnicks andra konsert,vetenskapsakademiens hörsal,2:50kr 2kr onumrerade 1:50kr,solokonsert,schkolnick aljoscha [oljascha],1908 01 27
1908-01-27,sveriges kvinnliga fredsförenings 10 årsfest,kungliga musikaliska akademiens lokal,1kr och 50öre,fest,sveriges kvinnliga fredsförening swedish women's peace association,1908 01 27
1908-01-28,brüssel kvartetten beethovenafton,kungliga musikaliska akademiens lokal,7:50kr 6kr 5kr 4kr abonnemangsbiljetter,kammarmusikkonsert,brüssel stråkkvartetten brussels string quartet,1908 01 28
1908-01-28,populär sångafton 4e,kfum:s stora sal,1kr numrerade 50öre onumrerade,populärkonsert,lundberg anna,1908 01 28
1908-01-29,gustaviansk afton,kfum:s stora sal,1:50kr 1kr,folkkonsert,borgarskolans serier borgarskolan series,1908 01 29
1908-01-29,richard andersson musikföredrag med sina elever,kfuk:s stora hörsal,,konsert,andersson richard,1908 01 29
1908-01-30,brüssel kvartetten beethovenafton,kungliga musikaliska akademiens lokal,7:50kr 6kr 5kr 4kr abonnemangsbiljetter,kammarmusikkonsert,brüssel stråkkvartetten brussels string quartet,1908 01 30
1908-01-30,familjeafton med särskilt utvalt musikprogram,berns salong,fri entré,familjekonsert,berns,1908 01 30
1908-01-31,musik och romansafton,bellios taverna,fri entre,konsert,bellios taverna bellios tavern,1908 01 31
1908-01-31,populär sång afton,vetenskapsakademiens hörsal,1kr 75öre,viskonsert,lundberg anna,1908 01 31
1908-02-01,brüssel kvartetten beethovenafton,kungliga musikaliska akademiens lokal,7:50kr 6kr 5kr 4kr abonnemangsbiljetter,kammarmusikkonsert,brüssel stråkkvartetten brussels string quartet,1908 02 01
1908-02-01,lördagskonsert,vetenskapsakademiens hörsal,75öre till salen 50öre till läktaren,folkkonsert,lördagskonsertserien,1908 02 01
1908-02-01,populär sångkonsert/säsongskonsert griegafton,kfum:s stora sal,1kr 75öre onumrerade 50öre,populärkonsert,gellin eduard,1908 02 01
1908-02-02,andersen afton,kungliga musikaliska akademiens lokal,50öre 1kr 1:50kr,konsert,borgarskolans serier borgarskolan series,1908 02 02
1908-02-02,folkkonsert,arbetareföreningens stora sal,,folkkonsert,arbetareinstitutet workers' institute,1908 02 02
1908-02-03,séance litteraire et musicale,hotel continentals festsal,,dramatisk/musikalisk föreställning,alliance francaise alliance française,1908 02 03
1908-02-03,soaré för välgörande ändamål,kungliga musikaliska akademiens lokal,,kammarmusikkonsert,,1908 02 03
1908-02-04,"sällskapet ""you know"" anordnar konsert",vetenskapsakademiens hörsal,1kr 1:50kr,konsert,"sällskapet ""you know"" society ""you know""",1908 02 04
1908-02-04,välgörenhetssoaré,kungliga musikaliska akademiens lokal,3:50kr 2:50kr 2kr,kammarmusikkonsert,,1908 02 04
1908-02-05,svensk afton,kfum:s stora sal,1kr 1:50kr onumrerade 50öre,konsert,borgarskolans serier borgarskolan series,1908 02 05
1908-02-06,familjeafton med särskilt utvalt musikprogram,berns salong,fri entré,familjekonsert,berns,1908 02 06
1908-02-07,konsert,brummerska skolan johannesgatan 18,1:50kr 1kr,konsert,gillberg carin miss,1908 02 07
1908-02-07,konsertföreningens 3e abonnemangskonsert,kungliga musikaliska akademiens lokal,,instrumental konsert,konsertföreningen concert association,1908 02 07
1908-02-07,populär sångafton,kfum:s stora sal,1:50,populärkonsert,lundberg anna,1908 02 07
1908-02-08,lördagskonsert,vetenskapsakademiens hörsal,50öre 75öre,folkkonsert,lördagskonsertserien,1908 02 08
1908-02-09,finsk musikafton,kungliga musikaliska akademiens lokal,50öre 1kr,konsert,folkkonsertförbundets serier folk concert association's series,1908 02 09
1908-02-09,folkkonsert,arbetareföreningens stora sal,,folkkonsert,arbetareinstitutet workers' institute,1908 02 09
1908-02-10,sällskapet concordias minnesfest över oscar ii,grand hotel festsalen,,fest,sångföreningen concordia singing association concordia,1908 02 10
1908-02-12,extrakonsert henri marteau,kungliga musikaliska akademiens lokal,3kr 2:50kr 2kr och 1:50kr,konsert,marteau henri,1908 02 12
1908-02-13,aljocha schkolnicks tredje konsert,kungliga musikaliska akademiens lokal,3kr 2:50kr 2kr 1:50kr,solokonsert,schkolnick aljoscha [oljascha],1908 02 13
1908-02-13,familjeafton,berns salong,,konsert,berns,1908 02 13
1908-02-14,populär sångafton,kfum:s stora sal,1kr numrerade 50öre onumrerade,populärkonsert,lundberg anna,1908 02 14
1908-02-15,lördagskonsert. vis och sagoafton ges på begäran av fru emma sjögren,vetenskapsakademiens hörsal,50öre till läktaren 75öre till salen ett fåtal numrerade platser 1kr,litterär musikalisk föreställning,sjögren ebba mrs,1908 02 15
1908-02-15,tredje symfonikonserten,kungliga operan/kungliga teatern,,konsert,kungliga teatern/kungliga operan royal theatre/royal opera,1908 02 15
1908-02-16,folkkonsert skandinavisk romansafton,arbetareföreningens stora sal,,folkkonsert,arbetareinstitutet workers' institute,1908 02 16
1908-02-16,populärkonsert,vetenskapsakademiens hörsal,75öre,konsert,hansson axel,1908 02 16
1908-02-16,stockholms arbetaresångförenings konsert,gustav vasa kyrkan,75öre,kyrkokonsert,,1908 02 16
1908-02-16,wennerberg afton,kungliga musikaliska akademiens lokal,50öre 1kr och 1:50kr numrerade,konsert,borgarskolans serier borgarskolan series,1908 02 16
1908-02-17,populär sångafton,kfum:s stora sal,1kr numrerade 50öre onumrerade,populärkonsert,lundberg anna,1908 02 17
1908-02-17,recett för hovkapellmästaren richard henneberg,berns salong,1kr till salongen 1:50kr till läktaren,konsert,berns,1908 02 17
1908-02-18,konsert,kungliga musikaliska akademiens lokal,,konsert,hwass tora,1908 02 18
1908-02-18,nya dramatens invigning,dramatiska teatern,,fest,,1908 02 18
1908-02-19,drachmanns afton,kfum:s stora sal,1:50kr 1kr onumrerade 50öre,konsert,borgarskolans serier borgarskolan series,1908 02 19
1908-02-20,familjeafton,berns salong,,familjekonsert,berns,1908 02 20
1908-02-20,familjeafton med särskilt utvalt musikprogram,berns salong,fri entré,barnkonsert,berns,1908 02 20
1908-02-23,folkkonsert,arbetareföreningens stora sal,,folkkonsert,arbetareinstitutet workers' institute,1908 02 23
1908-02-23,matiné till förmån för stockholms brefbärares änke och pupillkassas grundfond,katarina kyrka,2:50kr 2kr 1:50kr 1kr,kyrkokonsert,katarina församling katarina parish,1908 02 23
1908-02-24,aurora molander ger konsert uppskjuten från den 14e till 24e,vetenskapsakademiens hörsal,2:50kr 2kr numnrerade 1:50kr onumrerade,solokonsert,molander aurora miss,1908 02 24
1908-02-24,visafton,kungliga musikaliska akademiens lokal,1kr 1:50kr 2kr 2:50kr,viskonsert,norrie anna [f. pettersson],1908 02 24
1908-02-26,aulinska kvartettens 3e kammarmusikkonsert: schumannafton,vetenskapsakademiens hörsal,3kr numnerade 2:50kr onumrerade,kammarmusikkonsert,aulinkvartetten aulin quartet,1908 02 26
1908-02-26,fosterländsk fest roskildeminnet,kfum:s stora sal,50öre 1kr 1:50kr,konsert,stockholms borgareskola stockholm citizens' school,1908 02 26
1908-02-26,konsert till högtidlighållande av roskildefredens 250årsdag,berns salong,fri entré,konsert,berns,1908 02 26
1908-02-26,roskildeminnet,kungliga musikaliska akademiens lokal,1kr mitten 50öre övriga platser,konsert,kungliga musikaliska akademien royal swedish academy of music,1908 02 26
1908-02-26,roskildeminnet,högre allmnna läroverket på norrmalm,1kr mitten 50öre övriga platser,konsert,,1908 02 26
1908-02-26,roskildeminnet,södermalms högre allmänna läroverks aula,1kr mitten 50öre övriga platser,konsert,,1908 02 26
1908-02-27,familjeafton,berns salong,,konsert,berns,1908 02 27
1908-02-28,beethovenafton,kungliga musikaliska akademiens lokal,2:50kr 2kr 1:50kr,kammarmusikkonsert,gellin eduard,1908 02 28
1908-02-28,thorvald nyrén sjunger visor till luta,vetenskapsakademiens hörsal,1:50kr numrerade 1kr onumrerade,viskonsert,nyrén thorvald,1908 02 28
1908-02-29,faust,kungliga operan/kungliga teatern,symfonikonsertpris,konsert,kungliga teatern/kungliga operan royal theatre/royal opera,1908 02 29
1908-02-29,fosterländsk sångafton,kungsholmens realskolas högtidssal,,konsert,,1908 02 29
1908-02-29,konsert till förmån för en skolresa med gossar från nikolai folkskola,kfum:s stora sal,,konsert,,1908 02 29
1908-02-29,lördagskonsert,vetenskapsakademiens hörsal,50ör 75öre,konsert,lördagskonsertserien,1908 02 29
1908-03-01,folkkonsert,,,folkkonsert,,1908 03 01
1908-03-01,första konserten med kommunalt understöd,kungliga musikaliska akademiens lokal,,folkkonsert,folkkonsertförbundet,1908 03 01
1908-03-01,konsert till förmån för katarina församlings skollofskolonier,sofiakyrkan,50öre,kyrkokonsert,bergquist j. a.,1908 03 01
1908-03-01,konsert matiné,kungliga musikaliska akademiens lokal,2:50kr 2kr 1:50kr,kammarmusikkonsert,dohnànyi ernst von,1908 03 01
1908-03-03,ernst von dohnányi afskedskonsert beethovenafton,kungliga musikaliska akademiens lokal,2:50kr 2kr 1:50kr,kammarmusikkonsert,dohnànyi ernst von,1908 03 03
1908-03-03,konsert till förmån för de nödlidande i lappmarken,berns salong,50öre 1kr,konsert,berns,1908 03 03
1908-03-03,stor extra konsert till förmån för de nödlidande i lappmarken,berns nya salong,50öre 1kr,konsert,berns,1908 03 03
1908-03-04,populär konsert,kfum:s stora sal,1kr salen 50öre läktaren,konsert,,1908 03 04
1908-03-04,tysk musik afton,kungliga musikaliska akademiens lokal,50öre 1kr 1:50kr,konsert,borgarskolans serier borgarskolan series,1908 03 04
1908-03-04,visafton,vetenskapsakademiens hörsal,1kr 1:50kr 2kr 2:50kr,viskonsert,norrie anna [f. pettersson],1908 03 04
1908-03-05,familjeafton,berns salong,fri entré,barnkonsert,berns,1908 03 05
1908-03-06,konsert,kfuk:s stora hörsal,,konsert,,1908 03 06
1908-03-06,populär sångafton till förmån för s. de c:s byggnadsfond,kfum:s stora sal,1kr numrerade 50öre onumreade,viskonsert,lundberg anna,1908 03 06
1908-03-07,lördagskonsert,vetenskapsakademiens hörsal,50öre 75öre,konsert,lördagskonsertserien,1908 03 07
1908-03-08,folkkonsert,arbetareföreningens stora sal,,folkkonsert,arbetareinstitutet workers' institute,1908 03 08
1908-03-08,populär konsert,vetenskapsakademiens hörsal,75öre,konsert,,1908 03 08
1908-03-10,musikföreningens andra abonnementskonsert,kungliga musikaliska akademiens lokal,3kr 2:50kr 2kr,konsert,musikföreningen music association,1908 03 10
1908-03-10,svensk ungdoms afton,vetenskapsakademiens hörsal,1kr 75öre 50öre,ungdomskonsert,sjögren ebba mrs,1908 03 10
1908-03-11,populär konsert,kfum:s stora sal,1kr salen 50öre läktaren,konsert,,1908 03 11
1908-03-12,familjeafton med särskilt utvalt musikprogram,berns salong,fri entré,barnkonsert,berns,1908 03 12
1908-03-13,concordias soaré,grand hotel festsalen,,konsert,sångföreningen concordia singing association concordia,1908 03 13
1908-03-13,konsertföreningens 4e och sista abonnemangskonsert,kungliga musikaliska akademiens lokal,,konsert,konsertföreningen concert association,1908 03 13
1908-03-13,populär sång afton nytt program,vetenskapsakademiens hörsal,1kr numrerade 50öre onumrerade,konsert,lundberg anna,1908 03 13
1908-03-14,lördagskonsert,vetenskapsakademiens hörsal,50öre 75öre,konsert,lördagskonsertserien,1908 03 14
1908-03-14,soaré till förmån för stockholms studenthem,kfum:s stora sal,1:50kr,konsert,,1908 03 14
1908-03-15,3e populära symfonimatinéen,berns salong,,konsert,berns,1908 03 15
1908-03-15,folk konsert,arbetareföreningens stora sal,,folkkonsert,arbetareinstitutet workers' institute,1908 03 15
1908-03-15,populär konsert,vetenskapsakademiens hörsal,75öre,konsert,hansson axel,1908 03 15
1908-03-16,aulinska kvartettens 4e kammarmusikkonsert i förening med prof. fr. neruda,vetenskapsakademiens hörsal,3kr numrerade 2:50kr onumrerade,kammarmusikkonsert,aulinkvartetten aulin quartet,1908 03 16
1908-03-18,italiensk musik afton,vetenskapsakademiens hörsal,1kr 1:50kr,konsert,borgarskolans serier borgarskolan series,1908 03 18
1908-03-18,konsert,kungliga musikaliska akademiens lokal,2:50kr 2kr 1:50kr,konsert,hwass tora,1908 03 18
1908-03-19,familjeafton med särskilt utvalt musikprogram,berns salong,fri entré,barnkonsert,berns,1908 03 19
1908-03-21,fjärde symfonikonserten,kungliga operan/kungliga teatern,,konsert,kungliga teatern/kungliga operan royal theatre/royal opera,1908 03 21
1908-03-21,svensk ungdomsafton [lördagskonsertserien],vetenskapsakademiens hörsal,1kr numrerade platser 75öre onumrerade platser,konsert,lördagskonsertserien,1908 03 21
1908-03-22,folk konsert,arbetareföreningens stora sal,,folkkonsert,arbetareinstitutet workers' institute,1908 03 22
1908-03-22,populärkonsert,vetenskapsakademiens hörsal,75öre,konsert,hansson axel,1908 03 22
1908-03-22,södermalms arbetareinstituts folkkonsert,södermalms högre allmänna läroverks aula,,folkkonsert,södermalms arbetareinstitut södermalm workers' institute,1908 03 22
1908-03-25,folk konsert,arbetareföreningens stora sal,,folkkonsert,arbetareinstitutet workers' institute,1908 03 25
1908-03-25,konsert,st peters kyrka,50öre 1kr,kyrkokonsert,,1908 03 25
1908-03-25,konsert,skansen,50öre hälften för barn under 12 barn under 3 gratis,utomhuskonsert,skansen skansen (open air museum and historical park),1908 03 25
1908-03-25,od matiné,kungliga musikaliska akademiens lokal,3kr 2:50kr 2kr,körkonsert,orfei drängar orfei drängar (a male choir),1908 03 25
1908-03-25,orgelkonsert,jakobs kyrka,1:50kr 1kr,kyrkokonsert,lindström albert e.,1908 03 25
1908-03-25,populärkonsert,kfuk:s stora hörsal,75öre 1kr,konsert,hansson axel,1908 03 25
1908-03-26,beethovenafton,kungliga musikaliska akademiens lokal,,konsert,stenhammar wilhelm,1908 03 26
1908-03-26,familjeafton,berns salong,fri entré,barnkonsert,berns,1908 03 26
1908-03-26,familjeafton med särskilt utvalt musikprogram,berns salong,fri entré,barnkonsert,berns,1908 03 26
1908-03-28,anekdot och visafton med skioptikonbilder för ungdom,kfum:s stora sal,50öre,ungdomskonsert,nordiska samfundet,1908 03 28
1908-03-28,konsert,kungsholmens läroverks högtidssal,,konsert,ssuh föreningen solidar,1908 03 28
1908-03-28,populär sång afton,vetenskapsakademiens hörsal,1kr numrerade 50öre onumrerade,viskonsert,lundberg anna,1908 03 28
1908-03-29,folkkonsert,arbetareföreningens stora sal,,folkkonsert,arbetareinstitutet workers' institute,1908 03 29
1908-03-29,konsert,skansen,50öre hälften för barn under 12 barn under 3 gratis,utomhuskonsert,skansen skansen (open air museum and historical park),1908 03 29
1908-03-29,populärkonsert,vetenskapsakademiens hörsal,75öre,konsert,hansson axel,1908 03 29
1908-03-29,vårkonsert till förmån för stockholms nationalgodemplares koloi för fattiga barn,katarina kyrka,75öre 50öre,kyrkokonsert,,1908 03 29
1908-03-31,emil sjögren giver musik afton,kungliga musikaliska akademiens lokal,2:50kr 2kr 1:50kr,konsert,sjögren emil,1908 03 31
1908-04-02,familjeafton,berns salong,fri entré,barnkonsert,berns,1908 04 02
1908-04-04,populär sång afton,vetenskapsakademiens hörsal,1kr numrerade 50öre onumrerade,konsert,lundberg anna,1908 04 04
1908-04-05,folkkonsert andra konserten med kommunalt understöd,kungliga musikaliska akademiens lokal,25öre,folkkonsert,folkkonsertförbundet,1908 04 05
1908-04-05,konsert,skansen,50öre hälften för barn under 12 barn under 3 gratis,utomhuskonsert,skansen skansen (open air museum and historical park),1908 04 05
1908-04-05,kyrkokonsert,oscarskyrkan,,kyrkokonsert,oscarskyrkan,1908 04 05
1908-04-05,matiné för erhållande af en brunn vid hagalunds arbetsstuga,st matteus kyrka,,kyrkokonsert,,1908 04 05
1908-04-05,svenska folkförbundets manskör i stockholms konsert,nordiska museets stora hall,,körkonsert,svenska folkförbundets manskör swedish folk association's men's choir,1908 04 05
1908-04-06,sångafton,höloftet på skansen,,körkonsert,samfundet för unison sång society for unison singing,1908 04 06
1908-04-07,konsert,södermalms högre allmänna läroverks aula,,konsert,orkesterföreningen inom södermalms läroverk the orchestra association within södermalm's secondary school,1908 04 07
1908-04-08,italienska pianisten maria avani carrera gifver konsert,vetenskapsakademiens hörsal,2:50kr 2kr numrerade 1:50kr onumrerade,konsert,avani carrera maria,1908 04 08
1908-04-09,familjeafton,berns salong,fri entré,barnkonsert,berns,1908 04 09
1908-04-09,svensk afton,vetenskapsakademiens hörsal,1kr 1:50kr,konsert,borgarskolans serier borgarskolan series,1908 04 09
1908-04-11,kfum gymnasisternas konsert till förmån för deras resefond,kfum:s stora sal,75öre 1kr 1:50kr,konsert,k.f.u.m norr ymca north,1908 04 11
1908-04-12,folk konsert,arbetareföreningens stora sal,,folkkonsert,arbetareinstitutet workers' institute,1908 04 12
1908-04-12,matiné,,,militärkonsert,kungl. svea livgardets musik korps royal svea life guards music corps,1908 04 12
1908-04-12,populär konsert,vetenskapsakademiens hörsal,50öre 75öre,konsert,hansson axel,1908 04 12
1908-04-12,privat matiné,kungliga musikaliska akademiens lokal,,konsert,,1908 04 12
1908-04-14,undomsteater [med konsertavdelning],vetenskapsakademiens hörsal,1:50kr 1kr,ungdomskonsert,sjögren ebba mrs,1908 04 14
1908-04-16,familjeafton,berns salong,fri entré,barnkonsert,berns,1908 04 16
1908-04-16,två konserter,skansen,50öre hälften för barn under 12 barn under 3 gratis,utomhuskonsert,skansen skansen (open air museum and historical park),1908 04 16
1908-04-17,konsert,skansen,50öre hälften för barn under 12 barn under 3 gratis,utomhuskonsert,skansen skansen (open air museum and historical park),1908 04 17
1908-04-17,populär soaré,arbetareföreningens stora sal,50öre 75öre 1kr,folkkonsert,arbetareinstitutet workers' institute,1908 04 17
1908-04-17,repetition inför konsert till förmån för frimurare barnhuset,ladugårdslands kyrka/östermalms ka/hedvig eleonora,1:50kr 1kr,kyrkokonsert,kungliga teatern/kungliga operan royal theatre/royal opera,1908 04 17
1908-04-17,skapelsen konsert till förmån för frimurare barnhuset,ladugårdslands kyrka/östermalms ka/hedvig eleonora,2:50kr 2kr 1:50kr,kyrkokonsert,kungliga teatern/kungliga operan royal theatre/royal opera,1908 04 17
1908-04-19,bellmanskörens vårkonsert,kungliga musikaliska akademiens lokal,1:50kr 1:25kr 1kr,körkonsert,bellmanskören bellman choir,1908 04 19
1908-04-19,femte symfonikonserten: påskdagskonserten på operan till förmån för hovkapellets pensionskassa,kungliga operan/kungliga teatern,,konsert,kungl. hovkapellet royal court orchestra,1908 04 19
1908-04-19,konsert,skansen,50öre hälften för barn under 12 barn under 3 gratis,utomhuskonsert,skansen skansen (open air museum and historical park),1908 04 19
1908-04-19,musikalisk soaré,folkteatern [bijou teatern/östermalmsteatern/ladugårdsteatern],,konsert,ladugårdslands teatern/folkteatern/bijou teatern/östermalmsteatern ladugårds land theatre/people's theatre/bijou theatre/östermalm theatre,1908 04 19
1908-04-19,musikalisk soaré,oscarsteatern,teaterns vanliga priser,konsert,oscarsteatern oscar theatre,1908 04 19
1908-04-19,musikalisk deklamatorisk soirée,folkteatern [bijou teatern/östermalmsteatern/ladugårdsteatern],,dramatisk/musikalisk föreställning,wahlgren gustaf,1908 04 19
1908-04-19,populär mainé,grand restaurant nationals stora salong,2kr,konsert,typografiska föreningens sångkör typographical association choir,1908 04 19
1908-04-19,populärsoarée,arbetareföreningens stora sal,50öre 75öre och 1kr,folkkonsert,dahlberg erik,1908 04 19
1908-04-19,stor konsert till förmån för pastor john hedbergs verksamhet för barn och nykterhetsarbetet,cirkus,1:50kr loge 1:25kr parkett 1kr 1a plats 75öre 2a plats 50öre 3e plats,konsert,templet t.o.,1908 04 19
1908-04-20,folkkonsert,södermalms högre allmänna läroverks aula,25öre,folkkonsert,södermalms arbetareinstitut södermalm workers' institute,1908 04 20
1908-04-20,konsert,skansen,50öre hälften för barn under 12 barn under 3 gratis,utomhuskonsert,skansen skansen (open air museum and historical park),1908 04 20
1908-04-20,konsert till förmån för matteus barnkrubba,st matteus kyrka,,kyrkokonsert,matteus församling matteus parish,1908 04 20
1908-04-20,orkestermatiné till förmån för svenska musikerförenings och svenska musikerförbundets föreningskassor,gustav vasa kyrkan,,kyrkokonsert,svenska musikerförbundet swedish musicians' union,1908 04 20
1908-04-20,populär visafton,kungliga musikaliska akademiens lokal,50öre 1kr 1:50kr och 2kr,konsert,norrie anna [f. pettersson],1908 04 20
1908-04-20,populärsoarée,arbetareföreningens stora sal,50öre 75öre och 1kr,folkkonsert,dahlberg erik,1908 04 20
1908-04-22,erik bögh afton,hotel continentals festsal,,viskonsert,söderman sven dr.,1908 04 22
1908-04-23,aulinkvartettens 5e och sista kammarmusikkonsert i förening med professor neruda,vetenskapsakademiens hörsal,3kr numrerade 2:50kr onumrerade,kammarmusikkonsert,aulinkvartetten aulin quartet,1908 04 23
1908-04-23,konsert till förmån för svenskarne å runö,kfuk:s stora hörsal,1:50kr 1kr,konsert,k.f.u.k ywca,1908 04 23
1908-04-24,kraftska skolans musikafton,kfum:s stora sal,,konsert,kraftska skolan krafft's school,1908 04 24
1908-04-25,konsert,skansen,50öre hälften för barn under 12 barn under 3 gratis,utomhuskonsert,skansen skansen (open air museum and historical park),1908 04 25
1908-04-25,populär sångafton,vetenskapsakademiens hörsal,1kr numrerade 50öre onumrerade,viskonsert,lundberg anna,1908 04 25
1908-04-25,wagnerkonsert,södermalms högre allmänna läroverks aula,,konsert,orkesterföreningen inom södermalms läroverk the orchestra association within södermalm's secondary school,1908 04 25
1908-04-25,wl. talvi konsert,kfuk:s stora hörsal,1kr 1:50kr,konsert,talvi wladimir,1908 04 25
1908-04-26,årsfest,kfuk:s stora hörsal,50öre (för sjukkassans medlemmar 25öre),fest,föreningen för sömmerskor association for seamstresses,1908 04 26
1908-04-26,folkkonsert,arbetareföreningens stora sal,,folkkonsert,arbetareinstitutet workers' institute,1908 04 26
1908-04-28,dramatisk musikalisk soarée till förmån för fackskolan för kvinnliga tjänare,kungliga operan/kungliga teatern,,dramatisk/musikalisk föreställning,kungliga teatern/kungliga operan royal theatre/royal opera,1908 04 28
1908-04-28,konsert,skansen,50öre hälften för barn under 12 barn under 3 gratis,utomhuskonsert,skansen skansen (open air museum and historical park),1908 04 28
1908-04-28,musikföreningens sista konsert,kungliga musikaliska akademiens lokal,3kr 2:50kr 2kr,konsert,musikföreningen music association,1908 04 28
1908-04-29,eugéne och théo ysayes andra och sista konsert,kungliga musikaliska akademiens lokal,3:50kr 3kr 2:50kr 2kr,konsert,ysaye eugène,1908 04 29
1908-04-29,sjung sjung vårkonsert,kfuk:s stora hörsal,1kr 1:50kr,körkonsert,sällskapet sjung sjung,1908 04 29
1908-04-30,konserter valborgsmässoaftonen,skansen,50öre barn under 12 hälften.,utomhuskonsert,skansen skansen (open air museum and historical park),1908 04 30
1908-05-01,konserter,skansen,50öre,utomhuskonsert,,1908 05 01
1908-05-01,medborgarfesten på skansen: vid talarstolen på öfre solliden,skansen,25öre,fest,skansen skansen (open air museum and historical park),1908 05 01
1908-05-01,medborgarfesten på skansen: vid talarstolen på sommarteatern,skansen,25öre,fest,skansen skansen (open air museum and historical park),1908 05 01
1908-05-01,medborgarfesten på skansen: vid talarstolen renberget,skansen,25öre,fest,skansen skansen (open air museum and historical park),1908 05 01
1908-05-02,musikalisk soaré till förmån för husmodersskolan på bränninge,vetenskapsakademiens hörsal,1kr 1:50kr,konsert,,1908 05 02
1908-05-03,konserter,skansen,50öre,utomhuskonsert,skansen skansen (open air museum and historical park),1908 05 03
1908-05-04,alliance francaise de stockholm soirée dramatique et musicale,grand hotel festsalen,,dramatisk/musikalisk föreställning,alliance francaise alliance française,1908 05 04
1908-05-04,kfum körens vårkonsert,ladugårdslands kyrka/östermalms ka/hedvig eleonora,1:50kre numrerade 1kr onumrerade,kyrkokonsert,kfum kristliga föreningen af unga mäns kör (manskör) ymca christian association of young men's choir (men's choir),1908 05 04
1908-05-05,nya filharmoniska sällskapets 2a abonnemetnskonsert,kungliga musikaliska akademiens lokal,3:50kr 2:50kr 2kr,konsert,nya filharmoniska sällskapet new philharmonic society,1908 05 05
1908-05-06,populär sångafton,vetenskapsakademiens hörsal,50öre 75öre,viskonsert,lundberg anna,1908 05 06
1908-05-07,familjeafton,berns salong,,konsert,berns orkester / meissnerska kapellet berns orchestra / meissner's chapel,1908 05 07
1908-05-07,konsert,vetenskapsakademiens hörsal,2kr,konsert,sundbaum strömberg kerstin,1908 05 07
1908-05-10,konserter,skansen,50öre,utomhuskonsert,skansen skansen (open air museum and historical park),1908 05 10
1908-05-10,provkonsert i tattersall,tattersall,,konsert,,1908 05 10
1908-05-12,soaré,folkets hus,,konsert,hwasser engelbrecht anna lisa,1908 05 12
1908-05-12,stor kyrkokonsert,maria kyrka,,kyrkokonsert,wahlberg anton,1908 05 12
1908-05-15,kfum norr firar sin vårfest på högloftet skansen,skansen,1:25kr inkl suppé,fest,k.f.u.m norr ymca north,1908 05 15
1908-05-16,kungliga musikaliska akademiens högtidsdag,kungliga musikaliska akademiens lokal,,fest,kungliga musikaliska akademien royal swedish academy of music,1908 05 16
1908-05-17,konsert,trefaldighetskyrkan,75öre 50öre,kyrkokonsert,hammarstedt anna,1908 05 17
1908-05-17,konserter,skansen,50öre,utomhuskonsert,skansen skansen (open air museum and historical park),1908 05 17
1908-05-18,fröken carlheim gyllenskölds andra uppvisning,vetenskapsakademiens hörsal,,konsert,carlheim gyllensköld sigrid [miss],1908 05 18
1908-05-19,stockholms studentsångareförbunds vårfest,nordiska museets stora hall,1:50kr,konsert,stockholms studentsågnareförbund stockholm student singers association,1908 05 19
1908-05-23,konsert med anledning av sällskapet för svenska kvartettsångens befrämjande 25 årsjubileum,kungliga musikaliska akademiens lokal,2kr 1:50kr,konsert,sällskapet för svenska kvartettsångens befrämjande the society for the promotion of swedish quartet singing,1908 05 23
1908-05-23,par brikolls högtidsdag,hasselbacken,,fest,par bricol possibly a name of an ensemble or musical group,1908 05 23
1908-05-23,s.s.u.h körens första konsert,realläroverkets aula,,körkonsert,s.s.u.h kören sweden's teetotal association of studying youth choir,1908 05 23
1908-05-23,upp till fosterländska sångafton på skansen,skansen,,ungdomskonsert,samfundet för unison sång society for unison singing,1908 05 23
1908-05-24,aftonunderhållning,grand restaurant nationals stora salong,1kr för utomstående 75öre à 50öre för medlemmar,konsertavdelning i samband med annan underhållning,dalaföreningen,1908 05 24
1908-05-24,konserter,skansen,50öre,utomhuskonsert,skansen skansen (open air museum and historical park),1908 05 24
1908-05-25,musikföredrag,kfum:s stora sal,,konsert,richard anderssons musikskola richard andersson's music school,1908 05 25
1908-05-28,konserter,skansen,50öre,utomhuskonsert,skansen skansen (open air museum and historical park),1908 05 28
1908-05-31,konsert,maria kyrka,1kr 50öre,kyrkokonsert,wahlberg anton,1908 05 31
1908-05-31,studentkonsert inställd,gustav vasa kyrkan,2kr 1:50kr,körkonsert,norrlands nations sångkör norrland's nation choir,1908 05 31
1908-06-01,folkkonsert,tantolunden,,utomhuskonsert,kungl. svea ingeniörskårs musikkår,1908 06 01
1908-06-02,friluftskonsert,vandislunden,,utomhuskonsert,första svea artilleriregementets musikkår first svea artillery regiment's music corps,1908 06 02
1908-06-02,friluftskonsert,vitabergsparken,,utomhuskonsert,kungl. svea ingeniörskårs musikkår,1908 06 02
1908-06-03,friluftskonsert,kronobergsparken,,utomhuskonsert,kungl. svea artilleriets musik corps royal svea artillery music corps,1908 06 03
1908-06-04,första stora militärkonserten till förmån för militär idrottskassan,hasselbacken,1kr,militärkonsert,,1908 06 04
1908-06-05,friluftskonsert,kronobergsparken,,utomhuskonsert,kungl. svea ingeniörskårs musikkår,1908 06 05
1908-06-05,friluftskonsert,tantolunden,,utomhuskonsert,kungl. svea artilleriets musik corps royal svea artillery music corps,1908 06 05
1908-06-06,friluftskonsert,vitabergsparken,,utomhuskonsert,kungl. svea artilleriets musik corps royal svea artillery music corps,1908 06 06
1908-06-07,två konserter konserter,skansen,,utomhuskonsert,skansen skansen (open air museum and historical park),1908 06 07
1908-06-08,två konserter konserter,skansen,,utomhuskonsert,skansen skansen (open air museum and historical park),1908 06 08
1908-06-14,konsert (en soaré som ej tycks bli af dn0602),vetenskapsakademiens hörsal,2kr 1:50kr,konsert,nordlöf,1908 06 14
1908-06-14,två konserter konserter,skansen,,utomhuskonsert,skansen skansen (open air museum and historical park),1908 06 14
1908-06-15,festföreställning,dramatiska teatern,,dramatisk/musikalisk föreställning,dramatiska teatern dramatic theatre,1908 06 15
1908-06-19,midsommarafton konserter strängaspel ringlekar mm.,skansen,50öre,utomhuskonsert,,1908 06 19
1908-06-20,folkdag med half inträdesavgift rytmiska koraler stängaspel mm.,skansen,25öre,utomhuskonsert,skansen skansen (open air museum and historical park),1908 06 20
1908-06-21,två konserter konserter,skansen,,utomhuskonsert,skansen skansen (open air museum and historical park),1908 06 21
1908-06-23,friluftskonsert,vitabergsparken,,utomhuskonsert,kungl. svea ingeniörskårs musikkår,1908 06 23
1908-06-23,friluftskonsert,kungl. humlegården,,utomhuskonsert,k. kronobergs regementes musikkår royal kronoberg regiment music corps,1908 06 23
1908-06-26,konsert,vaxhlms nya hotell,50öre,konsert,,1908 06 26
1908-06-28,två konserter konserter,skansen,,utomhuskonsert,skansen skansen (open air museum and historical park),1908 06 28
1908-06-29,friluftskonsert,tantolunden,,utomhuskonsert,kungl. svea ingeniörskårs musikkår,1908 06 29
1908-07-03,frälsningsarnéns 23e årskongress 3 8juli: välkomstmöte i florakyrkan,cirkus,,konsert,frälsningsarmén salvation army,1908 07 03
1908-07-03,frälsningsarnéns 23e årskongress 3 8juli: välkomstmöte i templet,cirkus,,konsert,frälsningsarmén salvation army,1908 07 03
1908-07-04,svesk folkviseafton,kungliga musikaliska akademiens lokal,1:50kr 1kr 75öre,viskonsert,finländska föreningen brage finnish association brage,1908 07 04
1908-07-05,stor folkfest till förmån för folkets hus,ugglevikskällan,25öre 10öre för barn,fest,folkets hus styrelse people's house board,1908 07 05
1908-07-05,två konserter,skansen,50öre,utomhuskonsert,skansen skansen (open air museum and historical park),1908 07 05
1908-07-06,frälsningsarnéns 23e årskongress 3 8juli: jätte musikfest,cirkus,50öre 75öre 1kr,konsert,frälsningsarmén salvation army,1908 07 06
1908-07-08,folkvisematiné,kungliga musikaliska akademiens lokal,2kr 1:50kr 1kr,viskonsert,finländska föreningen brage finnish association brage,1908 07 08
1908-07-08,konsert till förmån för deltagarne uti olympiska spelen i london,hasselbacken,,konsert,stockholms allmänna sångförening stockholm general singing association,1908 07 08
1908-07-12,folkkonsert med half inträdesavgift: två konserter,skansen,50öre,utomhuskonsert,skansen skansen (open air museum and historical park),1908 07 12
1908-07-12,två konserter,skansen,25öre,utomhuskonsert,skansen skansen (open air museum and historical park),1908 07 12
1908-07-12,vis och romansafton,rindöbadens restaurat,1:50kr för äldre 1kr för barn,viskonsert,fleetwood gerda baroness,1908 07 12
1908-07-19,folkdag: två konserter,skansen,,utomhuskonsert,skansen skansen (open air museum and historical park),1908 07 19
1908-07-20,stor militärkonsert till förmån för garnisonens idrottstävlingar,hasselbacken,50öre,militärkonsert,stockholms och vaxholms samtliga musikkårer all music corps of stockholm and vaxholm,1908 07 20
1908-07-23,friluftskonsert,vitabergsparken,,utomhuskonsert,kungl. svea artilleriets musik corps royal svea artillery music corps,1908 07 23
1908-07-23,friluftskonsert,vandislunden,,utomhuskonsert,kungl. svea ingeniörskårs musikkår,1908 07 23
1908-07-24,billighetsdag: två konserter,skansen,10öre,utomhuskonsert,skansen skansen (open air museum and historical park),1908 07 24
1908-07-24,friluftskonsert,tantolunden,,utomhuskonsert,kungl. svea artilleriets musik corps royal svea artillery music corps,1908 07 24
1908-07-24,friluftskonsert,tantolunden,,utomhuskonsert,kungl. svea ingeniörskårs musikkår,1908 07 24
1908-07-25,operaseptettens konsert,nynäs hafsbad,1:50kr,konsert,operaseptetten opera septet,1908 07 25
1908-07-26,två konserter: bellmansdagen,skansen,,utomhuskonsert,skansen skansen (open air museum and historical park),1908 07 26
1908-07-27,friluftskonsert,tantolunden,,utomhuskonsert,kungl. svea ingeniörskårs musikkår,1908 07 27
1908-07-27,visafton,rindöbadens restaurat,,viskonsert,norrie anna [f. pettersson],1908 07 27
1908-07-29,folkkonsert,kronobergsparken,,utomhuskonsert,kungl. svea artilleriets musik corps royal svea artillery music corps,1908 07 29
1908-07-30,folkkonsert,vandislunden,,utomhuskonsert,kungl. svea ingeniörskårs musikkår,1908 07 30
1908-07-30,folkkonsert,vitabergsparken,,utomhuskonsert,kungl. svea artilleriets musik corps royal svea artillery music corps,1908 07 30
1908-07-30,visafton,rindöbadens restaurat,,viskonsert,norrie anna [f. pettersson],1908 07 30
1908-07-31,folkkonsert,kronobergsparken,,utomhuskonsert,kungl. svea ingeniörskårs musikkår,1908 07 31
1908-07-31,folkkonsert,tantolunden,,utomhuskonsert,kungl. svea artilleriets musik corps royal svea artillery music corps,1908 07 31
1908-08-02,två konserter,skansen,,utomhuskonsert,skansen skansen (open air museum and historical park),1908 08 02
1908-08-03,folkkonsert,tantolunden,,utomhuskonsert,kungl. svea ingeniörskårs musikkår,1908 08 03
1908-08-04,folkkonsert,vitabergsparken,,utomhuskonsert,kungl. svea ingeniörskårs musikkår,1908 08 04
1908-08-04,tysk svensk musikafton,hasselbacken,,konsert,,1908 08 04
1908-08-05,folkkonsert,kronobergsparken,,utomhuskonsert,kungl. svea artilleriets musik corps royal svea artillery music corps,1908 08 05
1908-08-06,folkkonsert,vitabergsparken,,utomhuskonsert,kungl. svea artilleriets musik corps royal svea artillery music corps,1908 08 06
1908-08-06,folkkonsert,vandislunden,,utomhuskonsert,kungl. svea ingeniörskårs musikkår,1908 08 06
1908-08-07,friluftskonsert,tantolunden,,utomhuskonsert,kungl. svea artilleriets musik corps royal svea artillery music corps,1908 08 07
1908-08-07,friluftskonsert,kronobergsparken,,utomhuskonsert,kungl. svea artilleriets musik corps royal svea artillery music corps,1908 08 07
1908-08-08,billighetsdag: konserter mm,skansen,10öre,utomhuskonsert,skansen skansen (open air museum and historical park),1908 08 08
1908-08-08,friluftskonsert,vandislunden,,utomhuskonsert,kungl. svea artilleriets musik corps royal svea artillery music corps,1908 08 08
1908-08-09,konsert,waxholms kyrka,,kyrkokonsert,stockholms allmänna sångförening stockholm general singing association,1908 08 09
1908-08-09,två konserter,skansen,50öre,utomhuskonsert,skansen skansen (open air museum and historical park),1908 08 09
1908-08-12,1a gästspelskonsert av den världsberömda valskomponisten w. translateur 30mans orkester,berns salong,50öre,konsert,translateur siegfried,1908 08 12
1908-08-12,friluftskonsert,kronobergsparken,,utomhuskonsert,kungl. svea artilleriets musik corps royal svea artillery music corps,1908 08 12
1908-08-13,2a gästspelskonsert av den världsberömda valskomponisten w. translateur 30mans orkester,berns salong,50öre,konsert,translateur siegfried,1908 08 13
1908-08-13,friluftskonsert,vitabergsparken,,utomhuskonsert,kungl. svea artilleriets musik corps royal svea artillery music corps,1908 08 13
1908-08-14,friluftskonsert,tantolunden,,utomhuskonsert,kungl. svea artilleriets musik corps royal svea artillery music corps,1908 08 14
1908-08-14,sista gästspelskonsert av den världsberömda valskomponisten w. translateur 30mans orkester,berns salong,50öre,konsert,translateur siegfried,1908 08 14
1908-08-16,två konserter,skansen,50öre,utomhuskonsert,skansen skansen (open air museum and historical park),1908 08 16
1908-08-17,extra gästspelskonsert av den världsberömda valskomponisten w. translateur 30mans orkester,berns salong,fri entré,konsert,translateur siegfried,1908 08 17
1908-08-19,stor militärkonsert,hasselbacken,fri entré,militärkonsert,kungl. andra livgardets musik corps royal second life guards music corps,1908 08 19
1908-08-20,stor militärkonsert,hasselbacken,fri entré,militärkonsert,kungl. svea livgardets musik korps royal svea life guards music corps,1908 08 20
1908-08-23,två konserter,skansen,50öre,utomhuskonsert,skansen skansen (open air museum and historical park),1908 08 23
1908-08-26,folkkonsert,kronobergsgatan 11,,utomhuskonsert,kungl. svea artilleriets musik corps royal svea artillery music corps,1908 08 26
1908-08-27,folkkonsert,vitabergsparken,,utomhuskonsert,kungl. svea artilleriets musik corps royal svea artillery music corps,1908 08 27
1908-08-28,folkkonsert,tantolunden,,utomhuskonsert,kungl. svea artilleriets musik corps royal svea artillery music corps,1908 08 28
1908-08-30,årets sista folkdag: två konserter,skansen,25öre,utomhuskonsert,skansen skansen (open air museum and historical park),1908 08 30
1908-08-31,folkkonsert,tantolunden,,utomhuskonsert,kungl. svea ingeniörskårs musikkår,1908 08 31
1908-08-31,operettafton,berns salong,,konsert,berns,1908 08 31
1908-09-06,folkkonsert,arbetare institutet klara norra kyrkogata 8,,folkkonsert,arbetareinstitutet workers' institute,1908 09 06
1908-09-06,två konserter,skansen,50öre,utomhuskonsert,skansen skansen (open air museum and historical park),1908 09 06
1908-09-07,populär operettafton,berns salong,,konsert,berns,1908 09 07
1908-09-13,folkkonsert,arbetare institutet klara norra kyrkogata 8,50öre,folkkonsert,arbetareinstitutets kör workers' institute choir,1908 09 13
1908-09-13,två konserter,skansen,50öre,utomhuskonsert,skansen skansen (open air museum and historical park),1908 09 13
1908-09-19,illuminering och konsert av typografiska föreningens sångkör,mosebacke,,konsert,typografiska föreningens sångkör typographical association choir,1908 09 19
1908-09-20,folkkonsert,arbetare institutet klara norra kyrkogata 8,50öre,folkkonsert,arbetareinstitutet workers' institute,1908 09 20
1908-09-20,två konserter,skansen,50öre,utomhuskonsert,skansen skansen (open air museum and historical park),1908 09 20
1908-09-21,populär operettafton,berns salong,,konsert,berns,1908 09 21
1908-09-27,folkkonsert,arbetare institutet klara norra kyrkogata 8,,folkkonsert,arbetareinstitutet workers' institute,1908 09 27
1908-09-27,populärkonsert,vetenskapsakademiens hörsal,,konsert,,1908 09 27
1908-09-27,två konserter,skansen,50öre,utomhuskonsert,skansen skansen (open air museum and historical park),1908 09 27
1908-09-29,populär konsert,vetenskapsakademiens hörsal,50öre,konsert,hansson axel,1908 09 29
1908-10-03,familjesoaré,vetenskapsakademiens hörsal,1kt 50öre 50öre,viskonsert,lundberg anna,1908 10 03
1908-10-04,folkkonsert,arbetare institutet klara norra kyrkogata 8,,folkkonsert,arbetareinstitutet workers' institute,1908 10 04
1908-10-04,populär konsert,vetenskapsakademiens hörsal,50öre,konsert,hansson axel,1908 10 04
1908-10-04,två konserter,skansen,50öre,utomhuskonsert,skansen skansen (open air museum and historical park),1908 10 04
1908-10-07,invigning av brgarskolans seriers nya konsertlokal viktoriasalen,viktoriasalen,,fest,borgarskolans serier borgarskolan series,1908 10 07
1908-10-08,aino ackté giver en enda konsert,kungliga musikaliska akademiens lokal,6kr 5kr 4kr 3kr 2kr,konsert,ackté aino,1908 10 08
1908-10-11,litteraturafton,viktoriasalen,1:50kr 1kr,litterär musikalisk föreställning,borgarskolans serier borgarskolan series,1908 10 11
1908-10-11,populär konsert: första abonnemangskonserten,vetenskapsakademiens hörsal,50öre,konsert,hansson axel,1908 10 11
1908-10-11,två konserter,skansen,50öre,utomhuskonsert,skansen skansen (open air museum and historical park),1908 10 11
1908-10-12,alexander heinemanns andra konsert,kungliga musikaliska akademiens lokal,3kr 2:50kr 2kr 1:50kr,konsert,heineman alexander,1908 10 12
1908-10-14,litteraturafton,viktoriasalen,1:50kr 1kr,litterär musikalisk föreställning,borgarskolans serier borgarskolan series,1908 10 14
1908-10-16,svensk afton,folkets hus,75öre parkett 50öre 2a parkett och rad,folkkonsert,folkkonsertförbundets serier folk concert association's series,1908 10 16
1908-10-17,familjesoaré,vetenskapsakademiens hörsal,1kt 50öre 50öre,viskonsert,lundberg anna,1908 10 17
1908-10-17,folkkonsert,södermalms högre allmänna läroverks aula,25öre,folkkonsert,södermalms arbetareinstitut södermalm workers' institute,1908 10 17
1908-10-17,l. wüller afskedskonsert,kungliga musikaliska akademiens lokal,3kr 2:50kr 2kr 1:50kr,konsert,wüllner ludwig,1908 10 17
1908-10-17,populär konsert: svensk afton,vetenskapsakademiens hörsal,50öre,konsert,hansson axel,1908 10 17
1908-10-18,folkkonsert,arbetare institutet klara norra kyrkogata 8,,folkkonsert,arbetareinstitutet workers' institute,1908 10 18
1908-10-18,folkkonsert med kommunalt stöd: stenhammarkonsert,kungliga musikaliska akademiens lokal,,folkkonsert,folkkonsertförbundets serier folk concert association's series,1908 10 18
1908-10-18,konsert,skansen,,utomhuskonsert,skansen skansen (open air museum and historical park),1908 10 18
1908-10-20,artistringens första konsert,vetenskapsakademiens hörsal,1kr 1:50 reserverade,konsert,artistringen artists' circle,1908 10 20
1908-10-21,tysk romansafton,viktoriasalen,1:50kr första parkett 1kr 2a parkett och rad,konsert,borgarskolans serier borgarskolan series,1908 10 21
1908-10-23,litteraturafton: wennerbergs afton,folkets hus,75öre 50öre,konsert,folkkonsertförbundets serier folk concert association's series,1908 10 23
1908-10-23,soaré till förmån för en understödsfond och framledes även ålderdomshem för bildade självförsörjande kvinnor,kungliga musikaliska akademiens lokal,,konsert,föreningen ljusglimt association ljusglimt,1908 10 23
1908-10-25,folkkonsert,arbetare institutet klara norra kyrkogata 8,,folkkonsert,arbetareinstitutet workers' institute,1908 10 25
1908-10-25,konsert,skansen,,utomhuskonsert,skansen skansen (open air museum and historical park),1908 10 25
1908-10-25,populär konsert: peterson berger afton,vetenskapsakademiens hörsal,50öre,konsert,hansson axel,1908 10 25
1908-10-26,aulinkvartettens första abonnemangskonsert,kfuk:s stora hörsal,2:50kr 2kr 1:50kr.,kammarmusikkonsert,aulinkvartetten aulin quartet,1908 10 26
1908-10-28,konsert,kungliga musikaliska akademiens lokal,3kr 2:50kr 2kr 1:50kr,konsert,kjellström sven,1908 10 28
1908-10-28,litteratur afton: hc andersen och jl heibeg,viktoriasalen,1:50kr 1a parkett 1kr 2a pakett och rad,litterär musikalisk föreställning,borgarskolans serier borgarskolan series,1908 10 28
1908-10-30,konsert till förmån för kfuks byggnad,kfuk:s stora hörsal,1:50kr numrerade 1kr onumrerade,konsert,k.f.u.k ywca,1908 10 30
1908-10-30,menzinskys afskedskonsert,kungliga musikaliska akademiens lokal,3kr 2:50kr 2kr 1:50kr,konsert,menzinsky modest,1908 10 30
1908-10-30,musikafton,vita bandets östermalmsförening majorsgatan 9b,25öre,konsert,hvita bandets östermalmförening white ribbon's östermalm association,1908 10 30
1908-10-31,familje soaré,vetenskapsakademiens hörsal,1kr och 75 öre numr. 50öre onumr.,viskonsert,lundberg anna,1908 10 31
1908-10-31,stor musikfest: gossmusikkåren inviges,kåren templet östemalmstorg 26 [frälsningsarmén],,konsert,frälsningsarmén salvation army,1908 10 31
1908-11-01,folkkonsert,arbetare institutet klara norra kyrkogata 8,,folkkonsert,arbetareinstitutet workers' institute,1908 11 01
1908-11-01,konsert,skansen,50öre,utomhuskonsert,skansen skansen (open air museum and historical park),1908 11 01
1908-11-01,litteratur afton: hc andersen och jl heibeg,viktoriasalen,1:50kr 1a parkett 1kr 2a pakett och rad,litterär musikalisk föreställning,borgarskolans serier borgarskolan series,1908 11 01
1908-11-01,populär konsert,vetenskapsakademiens hörsal,50öre,konsert,hansson axel,1908 11 01
1908-11-02,konsertföreningens första abonnemangskonsert,kungliga musikaliska akademiens lokal,abonnemangspris (4konserter) 15 12 10 och 8kr,konsert,konsertföreningen concert association,1908 11 02
1908-11-04,gustaviansk afton,viktoriasalen,1:50kr 1a parkett 1kr 2a parkett och rad,konsert,borgarskolans serier borgarskolan series,1908 11 04
1908-11-04,nordisk musikafton med samkväm av föreningen för kvinnans politiska rösträtt,grand restaurant nationals stora salong,1:50kr,konsert,föreningen för kvinnans politiska rösträtt association for women's suffrage,1908 11 04
1908-11-04,tio pianister konserera med mignon apparat,kfum:s stora sal,1k för allmänheten 50öre för medlemmar,,k.f.u.m norr ymca north,1908 11 04
1908-11-05,konsert,e. w:s stora salong,,konsert,alexandersson helmer director,1908 11 05
1908-11-05,romans afton,kfuk:s stora hörsal,1kr 1:50kr 2kr,konsert,beck ellen,1908 11 05
1908-11-06,gustaf adolfs fest,kfum:s stora sal,,fest,k.f.u.m norr ymca north,1908 11 06
1908-11-06,konsert med fosterländskt program på gustaf adolfs dagen,berns salong,,konsert,berns,1908 11 06
1908-11-06,sångarhyllning gustaf adolfsdagen,riddarholmskyrkan,,kyrkokonsert,stockholms allmänna sångförening stockholm general singing association,1908 11 06
1908-11-06,"stor promenadkonsert vid skyttesfesten för ""hem och härd"" basarfest",cirkus,3kr 2kr 1:50kr 1kr,fest,,1908 11 06
1908-11-06,"stor promenadkonsert vid skyttesfesten för ""hem och härd"" basarfest",cirkus,3kr 2kr 1:50kr 1kr,fest,,1908 11 06
1908-11-07,barnvisafton,vetenskapsakademiens hörsal,75öre för barn 1:50kr för vukna,barnkonsert,norrie anna [f. pettersson],1908 11 07
1908-11-07,"stor promenadkonsert vid skyttesfesten för ""hem och härd"" basarfest",cirkus,3kr 2kr 1:50kr 1kr,fest,,1908 11 07
1908-11-07,"stor promenadkonsert vid skyttesfesten för ""hem och härd"" basarfest",cirkus,3kr 2kr 1:50kr 1kr,fest,,1908 11 07
1908-11-08,bellmanskören ger matiné,vetenskapsakademiens hörsal,,konsert,bellmanskören bellman choir,1908 11 08
1908-11-08,folkkonsert,arbetare institutet klara norra kyrkogata 8,,folkkonsert,arbetareinstitutet workers' institute,1908 11 08
1908-11-08,konsert,skansen,50öre,utomhuskonsert,skansen skansen (open air museum and historical park),1908 11 08
1908-11-08,litteratur afton: björnson drachmann,viktoriasalen,1:50kr 1a parkett 1kr 2a parkett och rad,litterär musikalisk föreställning,borgarskolans serier borgarskolan series,1908 11 08
1908-11-08,populärkonsert,vetenskapsakademiens hörsal,,konsert,hansson axel,1908 11 08
1908-11-08,"stor promenadkonsert vid skyttesfesten för ""hem och härd"" basarfest",cirkus,3kr 2kr 1:50kr 1kr,fest,,1908 11 08
1908-11-08,"stor promenadkonsert vid skyttesfesten för ""hem och härd"" basarfest",cirkus,3kr 2kr 1:50kr 1kr,fest,,1908 11 08
1908-11-10,aljoscha schkolnicks konsert,kungliga musikaliska akademiens lokal,3kr 2:50kr 2kr 1:50kr,konsert,schkolnick aljoscha [oljascha],1908 11 10
1908-11-11,andra konserten: 12 pianister konserera med mignon apparat,kfum:s stora sal,1k för allmänheten 50öre för medlemmar,,k.f.u.m norr ymca north,1908 11 11
1908-11-11,musik afton: beethovenafton,viktoriasalen,1:50kr mitten och fämre sida 1kr läktaren,konsert,borgarskolans serier borgarskolan series,1908 11 11
1908-11-11,vis afton för barn,vetenskapsakademiens hörsal,75öre för barn 1:50kr för vuxna,barnkonsert,norrie anna [f. pettersson],1908 11 11
1908-11-12,musikaliska artisternas rings andra konsert,vetenskapsakademiens hörsal,1:50kr 50öre,konsert,artistringen artists' circle,1908 11 12
1908-11-14,signe widell ger sago och visafton för barn,kfuk:s stora hörsal,1kr numnerade 75öre onumrerade,barnkonsert,widell signe,1908 11 14
1908-11-15,folkkonsert,arbetare institutet klara norra kyrkogata 8,,folkkonsert,arbetareinstitutet workers' institute,1908 11 15
1908-11-15,konsert,skansen,50öre,utomhuskonsert,skansen skansen (open air museum and historical park),1908 11 15
1908-11-15,litteraturafton: gustaf fröding,viktoriasalen,1:50kr parkett mittparti och främre sida 1kr parkett sidoparti och rad.,litterär musikalisk föreställning,borgarskolans serier borgarskolan series,1908 11 15
1908-11-15,populärkonsert,vetenskapsakademiens hörsal,50öre,konsert,hansson axel,1908 11 15
1908-11-17,concordias soaré,grand hotel festsalen,,musik vid föredrag,sångföreningen concordia singing association concordia,1908 11 17
1908-11-17,k.f.u.m körens höstkonsert,gustav vasa kyrkan,1kr,körkonsert,kfum kristliga föreningen af unga mäns kör (manskör) ymca christian association of young men's choir (men's choir),1908 11 17
1908-11-18,gustaviansk afton,viktoriasalen,1:50kr 1a parkett mitt och främre sida 1kr 2a parkett bortre sida och rad,konsert,borgarskolans serier borgarskolan series,1908 11 18
1908-11-19,k.f.u.m körens höstkonsert,kungliga musikaliska akademiens lokal,1kr,körkonsert,kfum kristliga föreningen af unga mäns kör (manskör) ymca christian association of young men's choir (men's choir),1908 11 19
1908-11-19,konsert,kungliga musikaliska akademiens lokal,2kr,konsert,gillberg carin miss,1908 11 19
1908-11-20,selma lagerlöfs afton: föredrag upplsning sång och musik,kfuk:s stora hörsal,1kr,litterär musikalisk föreställning,värmlandsföreningen värmland association,1908 11 20
1908-11-20,teresa carrenos konsert,kungliga musikaliska akademiens lokal,3kr 2:50kr 2kr 1:50kr,konsert,carreño teresa m:me,1908 11 20
1908-11-20,värmlands afton: gustaf fröding,viktoriasalen,,litterär musikalisk föreställning,,1908 11 20
1908-11-22,folkkonsert,arbetare institutet klara norra kyrkogata 8,,folkkonsert,arbetareinstitutet workers' institute,1908 11 22
1908-11-22,konsert,skansen,50öre,utomhuskonsert,skansen skansen (open air museum and historical park),1908 11 22
1908-11-22,populär konsert: emilj sjägrenafton,vetenskapsakademiens hörsal,50öre,konsert,hansson axel,1908 11 22
1908-11-22,signe videll sjunger och berättare fröding andersen lenngren mfl.,viktoriasalen,1kr 1:50kr,litterär musikalisk föreställning,widell signe,1908 11 22
1908-11-23,teresa carreños 2:a konsert,kungliga musikaliska akademiens lokal,3kr 2:50kr 2kr 1:50kr,konsert,carreño teresa m:me,1908 11 23
1908-11-24,ingeborg lublin stradins konsert,viktoriasalen,2kr 1:50kr,konsert,lublin strandin ingeborg,1908 11 24
1908-11-25,fru anna norrie sjunger och berättar sagor för barn,folkets hus,1kr för äldre 50öre för barn,barnkonsert,norrie anna [f. pettersson],1908 11 25
1908-11-25,musikafton: ryska tonsättare,viktoriasalen,1:50kr parkett mitt främre sida 1kr bortre parkett rad,konsert,borgarskolans serier borgarskolan series,1908 11 25
1908-11-25,teresa carreños sista konsert,kungliga musikaliska akademiens lokal,3kr 2:50kr 2kr 1:50kr,kammarmusikkonsert,carreño teresa m:me,1908 11 25
1908-11-27,o.d. konsert,ladugårdslands kyrka/östermalms ka/hedvig eleonora,2kr numrerade 1:50kr onumrerade,körkonsert,orfei drängar orfei drängar (a male choir),1908 11 27
1908-11-27,symfonikonsert,kungliga operan/kungliga teatern,,symfonikonsert,kungliga teatern/kungliga operan royal theatre/royal opera,1908 11 27
1908-11-28,familjesoaré,vetenskapsakademiens hörsal,1kr 75öre numrerade 50öre onumrerade,litterär musikalisk föreställning,lundberg anna,1908 11 28
1908-11-28,folkkonsert,södermalms högre allmänna läroverks aula,,folkkonsert,södermalms arbetareinstitut södermalm workers' institute,1908 11 28
1908-11-28,folkkonsert,arbetare institutet klara norra kyrkogata 8,,folkkonsert,,1908 11 28
1908-11-28,frödingafton,viktoriasalen,1kr 1:50kr,litterär musikalisk föreställning,widell signe,1908 11 28
1908-11-28,litteraturafton: fröding och karlfeldt,viktoriasalen,1:50 parkett mitt och främr. sida. 1kr rad,konsert,borgarskolans serier borgarskolan series,1908 11 28
1908-11-28,p.b. soaré för bricolllister och damer,grand hotel festsalen,2:50kr numrerade 2kr onumrerade,konsert,,1908 11 28
1908-11-29,konsert,sofiakyrkan,50öre,kyrkokonsert,wennerberg reuter sara,1908 11 29
1908-11-29,matiné,grand restaurant nationals stora salong,75öre,,zetterman k.f. [karl fredrik],1908 11 29
1908-11-29,populär konsert,vetenskapsakademiens hörsal,50öre,konsert,hansson axel,1908 11 29
1908-11-30,musikföreningens 1:a konsert,gustav vasa kyrkan,3kr 2:50kr 2kr 1:50kr,konsert,musikföreningen music association,1908 11 30
1908-11-30,soaré av sällskaet e. v. [enighet och vänskap],södermalms högre allmänna läroverks aula,,konsert,sällskapet e. v. [enighet och vänskap] society e.v. [unity and friendship],1908 11 30
1908-12-02,sångsällskapet sjunt sjunt gifver kvartett afton,vetenskapsakademiens hörsal,1kr,körkonsert,sällskapet sjung sjung,1908 12 02
1908-12-02,svenska musikerförbundet gifver en populär symfoni matiné till förmån för fattiga skolbarns bespisning,dramatiska teatern,,konsert,svenska musikerförbundet swedish musicians' union,1908 12 02
1908-12-02,violinisten fritz kreisler ger konsert,kfuk:s stora hörsal,3kr 2:50kr 2kr 1:50kr,konsert,kreisler fritz,1908 12 02
1908-12-03,aulinkvartettens andra abonnemangskonsert,kfuk:s stora hörsal,,kammarmusikkonsert,,1908 12 03
1908-12-05,musikkonservatoriets 500:e musikföredrag,kungliga musikaliska akademiens lokal,,fest,kungliga musikaliska akademien royal swedish academy of music,1908 12 05
1908-12-05,sago och visafton till förmån för de nödställda folkskolebarnen,viktoriasalen,1kr 1:50kr,barnkonsert,widell signe,1908 12 05
1908-12-06,årets sista folkkonsert med kommunalt understöd,kungliga musikaliska akademiens lokal,,konsert,,1908 12 06
1908-12-06,folkkonsert,arbetare institutet klara norra kyrkogata 8,,folkkonsert,arbetareinstitutet workers' institute,1908 12 06
1908-12-06,konsert,skansen,50öre,utomhuskonsert,skansen skansen (open air museum and historical park),1908 12 06
1908-12-06,konsert för arbetare,realläroverkets aula,inbjudna,arbetarkonsert,realläroverkets elever real high school students,1908 12 06
1908-12-06,populär konsert: svensk afton,vetenskapsakademiens hörsal,50öre,konsert,hansson axel,1908 12 06
1908-12-06,privat matinéen,kapellet svartensgatan 3,50öre,,,1908 12 06
1908-12-07,séance littéraire et musicale,hotel continentals festsal,,litterär musikalisk föreställning,alliance francaise alliance française,1908 12 07
1908-12-07,violinisten fritz kreisler 2a konsert,kfuk:s stora hörsal,3kr 2:50kr 2kr 1:50kr,konsert,kreisler fritz,1908 12 07
1908-12-09,möte inför jättekonsert till de nödlidande barnen,realläroverkets aula,,populärkonsert,,1908 12 09
1908-12-10,fru elsa lindquisters konsert,vetenskapsakademiens hörsal,,kammarmusikkonsert,lindquister elsa mrs,1908 12 10
1908-12-11,konsert,trefaldighetskyrkan,1kr,kyrkokonsert,jackson norris henry,1908 12 11
1908-12-12,familje soirée: till förmån för barnbespisningen,vetenskapsakademiens hörsal,1kr 75öre 50öre,viskonsert,lundberg anna,1908 12 12
1908-12-12,folkkonsert,södermalms högre allmänna läroverks aula,,folkkonsert,södermalms arbetareinstitut södermalm workers' institute,1908 12 12
1908-12-12,kreisler konsert,kungliga operan/kungliga teatern,symfonikonsertpriser,konsert,kungliga teatern/kungliga operan royal theatre/royal opera,1908 12 12
1908-12-12,musikkonservatoriets offentliga uppvisningar: orgel blåsinstrument ensemblespelning och instrumentering för militärkorkester,kungliga musikaliska akademiens lokal,,konsert,kungliga musikaliska akademien royal swedish academy of music,1908 12 12
1908-12-13,populär konsert: peterson berger,vetenskapsakademiens hörsal,,konsert,hansson axel,1908 12 13
1908-12-14,musikkonservatoriets offentliga uppvisningar: piano sång ensemblespelning och komposition,kungliga musikaliska akademiens lokal,,konsert,kungliga musikaliska akademien royal swedish academy of music,1908 12 14
1908-12-15,aulinkvartettens andra abonnemangskonsert uppskjuten,kfuk:s stora hörsal,2kr 1:50kr numrerade 1kr onumrerade,kammarmusikkonsert,aulinkvartetten aulin quartet,1908 12 15
1908-12-15,fosterländsk fest,cirkus,2kr 1:50kr 1kr,fest,k.f.u.m. gymnasiterna ymca gymnasts,1908 12 15
1908-12-16,nobelprisföredraget av k.p. arnoldson,kungliga musikaliska akademiens lokal,1kr 50öre,föreläsning,,1908 12 16
1908-12-18,2:a symfonikonserten,kungliga operan/kungliga teatern,,konsert,kungliga teatern/kungliga operan royal theatre/royal opera,1908 12 18
1908-12-18,musikkonservatoriets offentliga uppvisningar: violoncell kontrabas piano violin och körsång,kungliga musikaliska akademiens lokal,,konsert,kungliga musikaliska akademien royal swedish academy of music,1908 12 18
1908-12-25,populär soaré,arbetare institutet klara norra kyrkogata 8,50öre 75öre 1kr,folkkonsert,dahlberg erik,1908 12 25
1908-12-26,familje soiré,vetenskapsakademiens hörsal,1kr 75öre 50öre,viskonsert,lundberg anna,1908 12 26
1908-12-26,populär soaré,arbetare institutet klara norra kyrkogata 8,50öre 75öre 1kr,folkkonsert,dahlberg erik,1908 12 26
1908-12-27,populär soaré,arbetare institutet klara norra kyrkogata 8,50öre 75öre 1kr,folkkonsert,dahlberg erik,1908 12 27
1908-12-31,nyårsvaka å runan,,,,,1908 12 31
1908-12-31,stor nyårsbal,grand restaurant nationals stora salong,1:50kr,bal,,1908 12 31
